PC,Proportion.Variance.Explained
1,0.02410763979714513
2,0.007157359117502745
3,0.004797348463838437
4,0.0027080144952297235
5,0.0019072316837628496
6,0.001744125072551607
7,0.0015094100644190607
8,0.0013598100255548715
9,0.0012207704474531816
10,0.0010296201854102917
